time,source,level
2022-11-29 22:21:51.862+0000,external,29.0
2022-11-29 22:23:35.617+0000,external,30.0
2022-11-29 22:24:05.625+0000,external,30.0
2022-11-29 22:24:35.637+0000,external,30.0
2022-11-29 22:25:05.645+0000,external,31.0
2022-11-29 22:25:35.652+0000,external,31.0
2022-11-29 22:26:05.660+0000,external,31.0
2022-11-29 22:26:35.669+0000,external,31.0
2022-11-29 22:27:05.678+0000,external,32.0
2022-11-29 22:27:35.686+0000,external,32.0
2022-11-29 22:28:05.694+0000,external,32.0
2022-11-29 22:28:35.702+0000,external,33.0
2022-11-29 22:29:05.709+0000,external,33.0
2022-11-29 22:29:35.713+0000,external,33.0
2022-11-29 22:30:05.718+0000,external,34.0
2022-11-29 22:30:35.725+0000,external,34.0
2022-11-29 22:31:05.733+0000,external,35.0
2022-11-29 22:31:35.740+0000,external,35.0
2022-11-29 22:32:05.744+0000,external,35.0
2022-11-29 22:32:35.752+0000,external,36.0
2022-11-29 22:33:05.757+0000,external,36.0
2022-11-29 22:33:35.764+0000,external,36.0
2022-11-29 22:34:05.771+0000,external,37.0
2022-11-29 22:34:35.777+0000,external,37.0
2022-11-29 22:35:05.784+0000,external,38.0
2022-11-29 22:35:35.789+0000,external,38.0
2022-11-29 22:36:05.796+0000,external,38.0
2022-11-29 22:36:35.803+0000,external,39.0
2022-11-29 22:37:05.810+0000,external,39.0
2022-11-29 22:37:35.818+0000,external,40.0
2022-11-29 22:38:05.825+0000,external,40.0
2022-11-29 22:38:35.832+0000,external,40.0
2022-11-29 22:39:05.839+0000,external,41.0
2022-11-29 22:39:35.846+0000,external,41.0
2022-11-29 22:40:05.853+0000,external,41.0
2022-11-29 22:40:35.859+0000,external,42.0
2022-11-29 22:41:05.866+0000,external,42.0
2022-11-29 22:41:35.873+0000,external,42.0
2022-11-29 22:42:05.879+0000,external,43.0
2022-11-29 22:42:35.884+0000,external,43.0
2022-11-29 22:43:05.891+0000,external,44.0
2022-11-29 22:43:35.898+0000,external,44.0
2022-11-29 22:44:05.903+0000,external,44.0
2022-11-29 22:44:35.909+0000,external,45.0
2022-11-29 22:45:05.914+0000,external,45.0
2022-11-29 22:45:35.920+0000,external,45.0
2022-11-29 22:46:05.927+0000,external,46.0
2022-11-29 22:46:35.934+0000,external,46.0
2022-11-29 22:47:05.940+0000,external,46.0
2022-11-29 22:47:35.947+0000,external,47.0
2022-11-29 22:48:05.954+0000,external,47.0
2022-11-29 22:48:35.959+0000,external,47.0
2022-11-29 22:49:05.966+0000,external,48.0
2022-11-29 22:49:35.973+0000,external,48.0
2022-11-29 22:50:05.979+0000,external,49.0
2022-11-29 22:50:35.986+0000,external,49.0
2022-11-29 22:51:05.992+0000,external,50.0
2022-11-29 22:51:35.999+0000,external,50.0
2022-11-29 22:52:06.006+0000,external,50.0
2022-11-29 22:52:36.012+0000,external,51.0
2022-11-29 22:53:06.072+0000,external,51.0
2022-11-29 22:53:36.078+0000,external,51.0
2022-11-29 22:54:06.085+0000,external,52.0
2022-11-29 22:54:36.092+0000,external,52.0
2022-11-29 22:55:06.099+0000,external,52.0
2022-11-29 22:55:36.104+0000,external,53.0
2022-11-29 22:56:06.111+0000,external,53.0
2022-11-29 22:56:36.119+0000,external,54.0
2022-11-29 22:57:06.126+0000,external,54.0
2022-11-29 22:57:36.131+0000,external,54.0
2022-11-29 22:58:06.140+0000,external,55.0
2022-11-29 22:58:36.172+0000,external,55.0
2022-11-29 22:59:06.179+0000,external,55.0
2022-11-29 22:59:36.186+0000,external,56.0
2022-11-29 23:00:06.195+0000,external,56.0
2022-11-29 23:00:36.204+0000,external,56.0
2022-11-29 23:01:06.211+0000,external,57.0
2022-11-29 23:01:36.219+0000,external,57.0
2022-11-29 23:02:06.226+0000,external,57.0
2022-11-29 23:02:36.230+0000,external,58.0
2022-11-29 23:03:06.237+0000,external,58.0
2022-11-29 23:03:36.243+0000,external,59.0
2022-11-29 23:04:06.250+0000,external,59.0
2022-11-29 23:04:36.256+0000,external,59.0
2022-11-29 23:05:06.261+0000,external,60.0
2022-11-29 23:05:36.271+0000,external,60.0
2022-11-29 23:06:06.275+0000,external,60.0
2022-11-29 23:06:36.291+0000,external,61.0
2022-11-29 23:07:06.340+0000,external,61.0
2022-11-29 23:07:36.346+0000,external,61.0
2022-11-29 23:08:06.380+0000,external,62.0
2022-11-29 23:08:36.388+0000,external,62.0
2022-11-29 23:09:06.395+0000,external,62.0
2022-11-29 23:09:36.399+0000,external,63.0
2022-11-29 23:10:06.406+0000,external,63.0
2022-11-29 23:10:36.413+0000,external,64.0
2022-11-29 23:11:06.418+0000,external,64.0
2022-11-29 23:11:36.425+0000,external,64.0
2022-11-29 23:12:06.431+0000,external,65.0
2022-11-29 23:12:36.437+0000,external,65.0
2022-11-29 23:13:06.444+0000,external,65.0
2022-11-29 23:13:36.452+0000,external,66.0
2022-11-29 23:14:06.459+0000,external,66.0
2022-11-29 23:14:36.464+0000,external,66.0
2022-11-29 23:15:06.470+0000,external,67.0
2022-11-29 23:15:36.476+0000,external,67.0
2022-11-29 23:16:06.483+0000,external,67.0
2022-11-29 23:16:36.490+0000,external,68.0
2022-11-29 23:17:06.497+0000,external,68.0
2022-11-29 23:17:36.504+0000,external,68.0
2022-11-29 23:18:06.512+0000,external,69.0
2022-11-29 23:18:36.519+0000,external,69.0
2022-11-29 23:19:06.526+0000,external,69.0
2022-11-29 23:19:36.532+0000,external,70.0
2022-11-29 23:20:06.538+0000,external,70.0
2022-11-29 23:20:36.545+0000,external,70.0
2022-11-29 23:21:06.552+0000,external,71.0
2022-11-29 23:21:36.559+0000,external,71.0
2022-11-29 23:22:06.565+0000,external,71.0
2022-11-29 23:22:36.571+0000,external,72.0
2022-11-29 23:23:06.578+0000,external,72.0
2022-11-29 23:23:36.584+0000,external,72.0
2022-11-29 23:24:06.591+0000,external,73.0
2022-11-29 23:24:36.595+0000,external,73.0
2022-11-29 23:25:06.600+0000,external,73.0
2022-11-29 23:25:36.607+0000,external,74.0
2022-11-29 23:26:06.613+0000,external,74.0
2022-11-29 23:26:36.619+0000,external,74.0
2022-11-29 23:27:06.626+0000,external,75.0
2022-11-29 23:27:36.633+0000,external,75.0
2022-11-29 23:28:06.639+0000,external,75.0
2022-11-29 23:28:36.645+0000,external,75.0
2022-11-29 23:29:06.652+0000,external,76.0
2022-11-29 23:29:36.658+0000,external,76.0
2022-11-29 23:30:06.664+0000,external,76.0
2022-11-29 23:30:36.671+0000,external,77.0
2022-11-29 23:31:06.677+0000,external,77.0
2022-11-29 23:31:36.699+0000,external,77.0
2022-11-29 23:32:06.705+0000,external,78.0
2022-11-29 23:32:36.710+0000,external,78.0
2022-11-29 23:33:06.714+0000,external,78.0
2022-11-29 23:33:36.720+0000,external,79.0
2022-11-29 23:34:06.724+0000,external,79.0
2022-11-29 23:34:36.730+0000,external,79.0
2022-11-29 23:35:06.736+0000,external,80.0
2022-11-29 23:35:36.743+0000,external,80.0
2022-11-29 23:36:06.751+0000,external,80.0
2022-11-29 23:36:36.758+0000,external,80.0
2022-11-29 23:37:06.765+0000,external,81.0
2022-11-29 23:37:36.772+0000,external,81.0
2022-11-29 23:38:06.780+0000,external,81.0
2022-11-29 23:38:36.789+0000,external,82.0
2022-11-29 23:39:06.798+0000,external,82.0
2022-11-29 23:39:36.811+0000,external,82.0
2022-11-29 23:40:06.818+0000,external,83.0
2022-11-29 23:40:36.825+0000,external,83.0
2022-11-29 23:41:06.833+0000,external,83.0
2022-11-29 23:41:36.840+0000,external,83.0
2022-11-29 23:42:06.848+0000,external,84.0
2022-11-29 23:42:36.855+0000,external,84.0
2022-11-29 23:43:06.862+0000,external,84.0
2022-11-29 23:43:36.869+0000,external,84.0
2022-11-29 23:44:06.876+0000,external,85.0
2022-11-29 23:44:36.882+0000,external,85.0
2022-11-29 23:45:06.890+0000,external,85.0
2022-11-29 23:45:36.899+0000,external,85.0
2022-11-29 23:46:06.905+0000,external,86.0
2022-11-29 23:46:36.912+0000,external,86.0
2022-11-29 23:47:06.919+0000,external,86.0
2022-11-29 23:47:36.926+0000,external,87.0
2022-11-29 23:48:06.934+0000,external,87.0
2022-11-29 23:48:36.941+0000,external,87.0
2022-11-29 23:49:06.964+0000,external,88.0
2022-11-29 23:49:36.971+0000,external,88.0
2022-11-29 23:50:06.978+0000,external,88.0
2022-11-29 23:50:36.985+0000,external,88.0
2022-11-29 23:51:06.993+0000,external,89.0
2022-11-29 23:51:37.001+0000,external,89.0
2022-11-29 23:52:07.009+0000,external,89.0
2022-11-29 23:52:37.016+0000,external,90.0
2022-11-29 23:53:07.026+0000,external,90.0
2022-11-29 23:53:37.033+0000,external,90.0
2022-11-29 23:54:07.039+0000,external,90.0
2022-11-29 23:54:37.101+0000,external,91.0
2022-11-29 23:55:07.109+0000,external,91.0
2022-11-29 23:55:37.116+0000,external,91.0
2022-11-29 23:56:07.122+0000,external,91.0
2022-11-29 23:56:37.129+0000,external,91.0
2022-11-29 23:57:07.136+0000,external,92.0
2022-11-29 23:57:37.142+0000,external,92.0
2022-11-29 23:58:07.149+0000,external,92.0
2022-11-29 23:58:37.158+0000,external,92.0
2022-11-29 23:59:07.165+0000,external,92.0
2022-11-29 23:59:37.172+0000,external,93.0