time,rssi,distance
2021-01-03 10:26:54,-55.0,20
2021-01-03 10:27:16,-55.0,20
2021-01-03 10:27:37,-55.0,20
2021-01-03 10:27:54,-55.0,20
2021-01-03 10:28:15,-54.0,20
2021-01-03 10:28:39,-54.0,20
2021-01-03 10:29:00,-54.0,20
2021-01-03 10:29:23,-55.0,20
2021-01-03 10:29:41,-53.0,20
2021-01-03 10:29:56,-55.0,20
2021-01-03 10:30:17,-54.0,20
2021-01-03 10:30:39,-54.0,20
2021-01-03 10:31:03,-54.0,20
2021-01-03 10:31:24,-55.0,20
2021-01-03 10:31:46,-55.0,20
2021-01-03 10:32:08,-56.0,20
2021-01-03 10:32:28,-55.0,20
2021-01-03 10:32:46,-54.0,20
2021-01-03 10:33:09,-53.0,20
2021-01-03 10:33:28,-53.0,20
2021-01-03 10:33:49,-55.0,20
2021-01-03 10:34:12,-55.0,20
2021-01-03 10:34:34,-55.0,20
2021-01-03 10:35:07,-55.0,20
2021-01-03 10:35:43,-55.0,20
2021-01-03 10:36:01,-55.0,20
2021-01-03 10:36:22,-55.0,20
2021-01-03 10:36:46,-55.0,20
2021-01-03 10:37:09,-55.0,20
2021-01-03 10:37:31,-55.0,20
2021-01-03 10:37:51,-55.0,20
2021-01-03 10:38:13,-54.0,20
2021-01-03 10:38:36,-55.0,20
2021-01-03 10:38:57,-55.0,20
2021-01-03 10:39:18,-55.0,20
2021-01-03 10:39:54,-54.0,20
2021-01-03 10:40:18,-56.0,20
2021-01-03 10:40:42,-56.0,20
2021-01-03 10:41:04,-56.0,20
2021-01-03 10:41:26,-55.0,20
2021-01-03 10:41:48,-55.0,20
2021-01-03 10:42:09,-56.0,20
2021-01-03 10:42:31,-56.0,20
2021-01-03 10:42:49,-54.0,20
2021-01-03 10:43:10,-54.0,20
2021-01-03 10:43:27,-54.0,20
2021-01-03 10:43:48,-55.0,20
2021-01-03 10:44:09,-54.0,20
2021-01-03 10:44:30,-54.0,20
2021-01-03 10:44:52,-55.0,20
2021-01-03 10:45:14,-55.0,20
2021-01-03 10:45:35,-54.0,20
2021-01-03 10:45:57,-56.0,20
2021-01-03 10:46:19,-55.0,20
2021-01-03 10:46:41,-55.0,20
2021-01-03 10:47:02,-55.0,20
2021-01-03 10:47:23,-54.0,20
2021-01-03 10:47:44,-54.0,20
2021-01-03 10:48:06,-54.0,20
2021-01-03 10:48:27,-54.0,20
2021-01-03 10:48:48,-55.0,20
2021-01-03 10:49:07,-56.0,20
2021-01-03 10:49:29,-55.0,20
2021-01-03 10:49:51,-55.0,20
2021-01-03 10:50:13,-55.0,20
2021-01-03 10:50:36,-55.0,20
2021-01-03 10:50:58,-56.0,20
2021-01-03 10:51:21,-54.0,20
2021-01-03 10:51:43,-54.0,20
2021-01-03 10:52:01,-56.0,20
2021-01-03 10:52:22,-55.0,20
2021-01-03 10:52:43,-55.0,20
2021-01-03 10:53:01,-54.0,20
2021-01-03 10:53:20,-56.0,20
2021-01-03 10:53:41,-55.0,20
2021-01-03 10:54:03,-55.0,20
2021-01-03 10:54:26,-56.0,20
2021-01-03 10:54:49,-56.0,20
2021-01-03 10:55:11,-55.0,20
2021-01-03 10:55:28,-55.0,20
2021-01-03 10:55:44,-54.0,20
2021-01-03 10:56:10,-56.0,20
2021-01-03 10:56:31,-56.0,20
2021-01-03 10:56:53,-56.0,20
2021-01-03 10:57:26,-59.0,40
2021-01-03 10:57:47,-59.0,40
2021-01-03 10:58:09,-59.0,40
2021-01-03 10:58:32,-59.0,40
2021-01-03 10:58:55,-59.0,40
2021-01-03 10:59:16,-59.0,40
2021-01-03 10:59:38,-59.0,40
2021-01-03 11:00:00,-58.0,40
2021-01-03 11:00:23,-59.0,40
2021-01-03 11:00:44,-58.0,40
2021-01-03 11:01:01,-59.0,40
2021-01-03 11:01:22,-58.0,40
2021-01-03 11:01:45,-59.0,40
2021-01-03 11:02:07,-58.0,40
2021-01-03 11:02:28,-58.0,40
2021-01-03 11:02:49,-58.0,40
2021-01-03 11:03:11,-58.0,40
2021-01-03 11:03:32,-58.0,40
2021-01-03 11:03:56,-59.0,40
2021-01-03 11:04:17,-59.0,40
2021-01-03 11:04:38,-59.0,40
2021-01-03 11:05:00,-58.0,40
2021-01-03 11:05:22,-59.0,40
2021-01-03 11:05:39,-58.0,40
2021-01-03 11:06:01,-58.0,40
2021-01-03 11:06:17,-58.0,40
2021-01-03 11:06:38,-59.0,40
2021-01-03 11:06:59,-59.0,40
2021-01-03 11:07:20,-59.0,40
2021-01-03 11:07:45,-59.0,40
2021-01-03 11:08:06,-58.0,40
2021-01-03 11:08:27,-59.0,40
2021-01-03 11:08:49,-59.0,40
2021-01-03 11:09:15,-59.0,40
2021-01-03 11:09:36,-57.0,40
2021-01-03 11:09:56,-58.0,40
2021-01-03 11:10:23,-58.0,40
2021-01-03 11:10:43,-58.0,40
2021-01-03 11:11:04,-59.0,40
2021-01-03 11:11:26,-58.0,40
2021-01-03 11:11:47,-58.0,40
2021-01-03 11:12:14,-58.0,40
2021-01-03 11:12:38,-59.0,40
2021-01-03 11:12:58,-59.0,40
2021-01-03 11:13:19,-59.0,40
2021-01-03 11:13:41,-58.0,40
2021-01-03 11:14:01,-59.0,40
2021-01-03 11:14:20,-59.0,40
2021-01-03 11:14:47,-59.0,40
2021-01-03 11:15:02,-59.0,40
2021-01-03 11:15:20,-58.0,40
2021-01-03 11:15:38,-58.0,40
2021-01-03 11:15:59,-58.0,40
2021-01-03 11:16:21,-59.0,40
2021-01-03 11:16:43,-58.0,40
2021-01-03 11:17:04,-59.0,40
2021-01-03 11:17:26,-59.0,40
2021-01-03 11:17:46,-59.0,40
2021-01-03 11:18:10,-58.0,40
2021-01-03 11:18:31,-59.0,40
2021-01-03 11:18:49,-59.0,40
2021-01-03 11:19:11,-59.0,40
2021-01-03 11:19:31,-58.0,40
2021-01-03 11:19:52,-59.0,40
2021-01-03 11:20:08,-59.0,40
2021-01-03 11:20:30,-59.0,40
2021-01-03 11:20:51,-58.0,40
2021-01-03 11:21:12,-59.0,40
2021-01-03 11:21:29,-59.0,40
2021-01-03 11:21:50,-59.0,40
2021-01-03 11:22:08,-58.0,40
2021-01-03 11:22:29,-59.0,40
2021-01-03 11:22:52,-59.0,40
2021-01-03 11:23:14,-59.0,40
2021-01-03 11:23:35,-59.0,40
2021-01-03 11:23:56,-59.0,40
2021-01-03 11:24:17,-59.0,40
2021-01-03 11:25:02,-59.0,40
2021-01-03 11:25:23,-59.0,40
2021-01-03 11:25:45,-59.0,40
2021-01-03 11:26:02,-58.0,40
2021-01-03 11:26:23,-58.0,40
2021-01-03 11:26:47,-58.0,40
2021-01-03 11:27:09,-58.0,40
2021-01-03 11:27:45,-60.0,60
2021-01-03 11:28:04,-61.0,60
2021-01-03 11:28:25,-61.0,60
2021-01-03 11:28:46,-62.0,60
2021-01-03 11:29:07,-62.0,60
2021-01-03 11:29:28,-62.0,60
2021-01-03 11:29:49,-62.0,60
2021-01-03 11:30:11,-62.0,60
2021-01-03 11:30:33,-61.0,60
2021-01-03 11:30:54,-61.0,60
2021-01-03 11:31:15,-62.0,60
2021-01-03 11:31:37,-62.0,60
2021-01-03 11:31:58,-62.0,60
2021-01-03 11:32:20,-61.0,60
2021-01-03 11:32:39,-62.0,60
2021-01-03 11:33:01,-61.0,60
2021-01-03 11:33:23,-62.0,60
2021-01-03 11:33:43,-61.0,60
2021-01-03 11:34:00,-61.0,60
2021-01-03 11:34:21,-61.0,60
2021-01-03 11:34:41,-61.0,60
2021-01-03 11:35:04,-62.0,60
2021-01-03 11:35:20,-62.0,60
2021-01-03 11:35:41,-60.0,60
2021-01-03 11:36:00,-60.0,60
2021-01-03 11:36:22,-59.0,60
2021-01-03 11:36:41,-61.0,60
2021-01-03 11:37:03,-62.0,60
2021-01-03 11:37:26,-62.0,60
2021-01-03 11:37:48,-62.0,60
2021-01-03 11:38:10,-62.0,60
2021-01-03 11:38:31,-62.0,60
2021-01-03 11:38:53,-60.0,60
2021-01-03 11:39:13,-61.0,60
2021-01-03 11:39:35,-61.0,60
2021-01-03 11:40:09,-61.0,60
2021-01-03 11:40:30,-61.0,60
2021-01-03 11:40:51,-61.0,60
2021-01-03 11:41:12,-61.0,60
2021-01-03 11:41:29,-61.0,60
2021-01-03 11:41:51,-62.0,60
2021-01-03 11:42:09,-61.0,60
2021-01-03 11:42:30,-62.0,60
2021-01-03 11:42:53,-60.0,60
2021-01-03 11:43:14,-62.0,60
2021-01-03 11:43:35,-61.0,60
2021-01-03 11:43:52,-59.0,60
2021-01-03 11:44:13,-61.0,60
2021-01-03 11:44:34,-61.0,60
2021-01-03 11:44:56,-59.0,60
2021-01-03 11:45:20,-61.0,60
2021-01-03 11:45:41,-61.0,60
2021-01-03 11:45:59,-60.0,60
2021-01-03 11:46:21,-60.0,60
2021-01-03 11:46:44,-61.0,60
2021-01-03 11:47:03,-60.0,60
2021-01-03 11:47:24,-61.0,60
2021-01-03 11:47:45,-60.0,60
2021-01-03 11:48:06,-60.0,60
2021-01-03 11:48:23,-61.0,60
2021-01-03 11:48:44,-61.0,60
2021-01-03 11:49:04,-61.0,60
2021-01-03 11:49:21,-60.0,60
2021-01-03 11:49:43,-60.0,60
2021-01-03 11:50:09,-61.0,60
2021-01-03 11:50:24,-61.0,60
2021-01-03 11:50:45,-61.0,60
2021-01-03 11:51:15,-60.0,60
2021-01-03 11:51:47,-62.0,60
2021-01-03 11:52:08,-62.0,60
2021-01-03 11:52:38,-62.0,60
2021-01-03 11:53:00,-60.0,60
2021-01-03 11:53:20,-59.0,60
2021-01-03 11:53:41,-61.0,60
2021-01-03 11:54:03,-60.0,60
2021-01-03 11:54:20,-61.0,60
2021-01-03 11:55:09,-60.0,60
2021-01-03 11:55:30,-61.0,60
2021-01-03 11:55:53,-61.0,60
2021-01-03 11:56:17,-61.0,60
2021-01-03 11:56:45,-61.0,60
2021-01-03 11:57:05,-61.0,60
2021-01-03 11:57:26,-61.0,60
2021-01-03 11:58:09,-61.0,80
2021-01-03 11:58:31,-61.0,80
2021-01-03 11:58:54,-61.0,80
2021-01-03 11:59:15,-60.0,80
2021-01-03 11:59:37,-60.0,80
2021-01-03 11:59:54,-60.0,80
2021-01-03 12:00:17,-62.0,80
2021-01-03 12:00:37,-60.0,80
2021-01-03 12:01:00,-61.0,80
2021-01-03 12:01:23,-61.0,80
2021-01-03 12:01:41,-61.0,80
2021-01-03 12:02:03,-61.0,80
2021-01-03 12:02:24,-62.0,80
2021-01-03 12:02:50,-61.0,80
2021-01-03 12:03:11,-60.0,80
2021-01-03 12:03:34,-61.0,80
2021-01-03 12:04:02,-60.0,80
2021-01-03 12:04:23,-61.0,80
2021-01-03 12:04:46,-61.0,80
2021-01-03 12:05:13,-61.0,80
2021-01-03 12:05:32,-61.0,80
2021-01-03 12:05:53,-61.0,80
2021-01-03 12:06:11,-62.0,80
2021-01-03 12:06:33,-61.0,80
2021-01-03 12:06:55,-61.0,80
2021-01-03 12:07:13,-61.0,80
2021-01-03 12:07:34,-61.0,80
2021-01-03 12:07:56,-61.0,80
2021-01-03 12:08:17,-61.0,80
2021-01-03 12:08:40,-61.0,80
2021-01-03 12:09:02,-61.0,80
2021-01-03 12:09:24,-61.0,80
2021-01-03 12:10:25,-62.0,80
2021-01-03 12:10:46,-61.0,80
2021-01-03 12:11:07,-61.0,80
2021-01-03 12:11:29,-61.0,80
2021-01-03 12:11:49,-61.0,80
2021-01-03 12:12:27,-61.0,80
2021-01-03 12:12:48,-60.0,80
2021-01-03 12:13:19,-61.0,80
2021-01-03 12:13:42,-61.0,80
2021-01-03 12:14:03,-61.0,80
2021-01-03 12:14:24,-60.0,80
2021-01-03 12:14:47,-61.0,80
2021-01-03 12:15:08,-60.0,80
2021-01-03 12:15:30,-61.0,80
2021-01-03 12:15:51,-61.0,80
2021-01-03 12:16:10,-61.0,80
2021-01-03 12:16:32,-60.0,80
2021-01-03 12:16:58,-60.0,80
2021-01-03 12:17:21,-61.0,80
2021-01-03 12:17:43,-61.0,80
2021-01-03 12:18:04,-60.0,80
2021-01-03 12:18:25,-61.0,80
2021-01-03 12:18:47,-61.0,80
2021-01-03 12:19:08,-61.0,80
2021-01-03 12:19:32,-61.0,80
2021-01-03 12:19:53,-61.0,80
2021-01-03 12:20:15,-61.0,80
2021-01-03 12:20:35,-60.0,80
2021-01-03 12:20:56,-60.0,80
2021-01-03 12:21:15,-60.0,80
2021-01-03 12:21:41,-61.0,80
2021-01-03 12:22:05,-61.0,80
2021-01-03 12:22:31,-61.0,80
2021-01-03 12:22:55,-61.0,80
2021-01-03 12:23:15,-61.0,80
2021-01-03 12:23:36,-60.0,80
2021-01-03 12:23:57,-61.0,80
2021-01-03 12:24:21,-61.0,80
2021-01-03 12:25:24,-61.0,80
2021-01-03 12:25:49,-61.0,80
2021-01-03 12:26:15,-60.0,80
2021-01-03 12:26:36,-60.0,80
2021-01-03 12:26:59,-61.0,80
2021-01-03 12:27:21,-61.0,80
2021-01-03 12:27:42,-61.0,80
2021-01-03 12:28:23,-63.0,100
2021-01-03 12:28:48,-64.0,100
2021-01-03 12:29:09,-63.0,100
2021-01-03 12:29:31,-63.0,100
2021-01-03 12:29:52,-64.0,100
2021-01-03 12:30:11,-63.0,100
2021-01-03 12:30:29,-63.0,100
2021-01-03 12:30:48,-63.0,100
2021-01-03 12:31:09,-63.0,100
2021-01-03 12:31:38,-63.0,100
2021-01-03 12:32:00,-63.0,100
2021-01-03 12:32:21,-63.0,100
2021-01-03 12:32:40,-64.0,100
2021-01-03 12:33:02,-63.0,100
2021-01-03 12:33:19,-65.0,100
2021-01-03 12:33:37,-64.0,100
2021-01-03 12:33:58,-63.0,100
2021-01-03 12:34:22,-63.0,100
2021-01-03 12:34:47,-63.0,100
2021-01-03 12:35:18,-63.0,100
2021-01-03 12:35:39,-63.0,100
2021-01-03 12:36:00,-65.0,100
2021-01-03 12:36:19,-63.0,100
2021-01-03 12:36:38,-63.0,100
2021-01-03 12:36:59,-63.0,100
2021-01-03 12:37:20,-63.0,100
2021-01-03 12:38:00,-65.0,100
2021-01-03 12:38:23,-64.0,100
2021-01-03 12:38:41,-63.0,100
2021-01-03 12:39:07,-64.0,100
2021-01-03 12:39:28,-63.0,100
2021-01-03 12:40:27,-63.0,100
2021-01-03 12:40:49,-63.0,100
2021-01-03 12:41:11,-63.0,100
2021-01-03 12:41:33,-63.0,100
2021-01-03 12:41:54,-63.0,100
2021-01-03 12:42:21,-63.0,100
2021-01-03 12:42:45,-63.0,100
2021-01-03 12:43:07,-64.0,100
2021-01-03 12:43:28,-63.0,100
2021-01-03 12:43:50,-63.0,100
2021-01-03 12:44:06,-63.0,100
2021-01-03 12:44:27,-63.0,100
2021-01-03 12:44:45,-63.0,100
2021-01-03 12:45:04,-63.0,100
2021-01-03 12:45:32,-63.0,100
2021-01-03 12:45:59,-64.0,100
2021-01-03 12:46:19,-64.0,100
2021-01-03 12:46:36,-63.0,100
2021-01-03 12:46:54,-64.0,100
2021-01-03 12:47:15,-63.0,100
2021-01-03 12:47:36,-63.0,100
2021-01-03 12:48:02,-63.0,100
2021-01-03 12:48:21,-63.0,100
2021-01-03 12:48:42,-63.0,100
2021-01-03 12:49:04,-63.0,100
2021-01-03 12:49:24,-63.0,100
2021-01-03 12:49:47,-65.0,100
2021-01-03 12:50:11,-63.0,100
2021-01-03 12:50:27,-64.0,100
2021-01-03 12:50:48,-63.0,100
2021-01-03 12:51:10,-63.0,100
2021-01-03 12:51:31,-63.0,100
2021-01-03 12:51:56,-64.0,100
2021-01-03 12:52:20,-63.0,100
2021-01-03 12:52:43,-63.0,100
2021-01-03 12:53:03,-63.0,100
2021-01-03 12:53:24,-63.0,100
2021-01-03 12:53:50,-64.0,100
2021-01-03 12:54:24,-63.0,100
2021-01-03 12:55:31,-63.0,100
2021-01-03 12:56:01,-63.0,100
2021-01-03 12:56:24,-64.0,100
2021-01-03 12:56:46,-63.0,100
2021-01-03 12:57:09,-63.0,100
2021-01-03 12:57:30,-63.0,100
2021-01-03 12:57:51,-65.0,100
2021-01-03 12:58:32,-65.0,120
2021-01-03 12:58:54,-66.0,120
2021-01-03 12:59:11,-66.0,120
2021-01-03 12:59:32,-66.0,120
2021-01-03 12:59:51,-66.0,120
2021-01-03 13:00:13,-66.0,120
2021-01-03 13:00:31,-66.0,120
2021-01-03 13:00:52,-66.0,120
2021-01-03 13:01:13,-66.0,120
2021-01-03 13:01:34,-66.0,120
2021-01-03 13:01:55,-66.0,120
2021-01-03 13:02:16,-66.0,120
2021-01-03 13:02:37,-66.0,120
2021-01-03 13:02:59,-66.0,120
2021-01-03 13:03:20,-66.0,120
2021-01-03 13:03:37,-66.0,120
2021-01-03 13:03:58,-66.0,120
2021-01-03 13:04:19,-65.0,120
2021-01-03 13:04:41,-66.0,120
2021-01-03 13:05:04,-66.0,120
2021-01-03 13:05:26,-66.0,120
2021-01-03 13:05:49,-66.0,120
2021-01-03 13:06:05,-66.0,120
2021-01-03 13:06:26,-66.0,120
2021-01-03 13:06:47,-66.0,120
2021-01-03 13:07:09,-66.0,120
2021-01-03 13:07:31,-66.0,120
2021-01-03 13:07:52,-66.0,120
2021-01-03 13:08:14,-65.0,120
2021-01-03 13:08:36,-66.0,120
2021-01-03 13:08:58,-66.0,120
2021-01-03 13:09:19,-66.0,120
2021-01-03 13:10:39,-66.0,120
2021-01-03 13:11:01,-66.0,120
2021-01-03 13:11:23,-66.0,120
2021-01-03 13:11:45,-66.0,120
2021-01-03 13:12:07,-66.0,120
2021-01-03 13:12:25,-66.0,120
2021-01-03 13:13:02,-66.0,120
2021-01-03 13:13:24,-66.0,120
2021-01-03 13:13:46,-66.0,120
2021-01-03 13:14:07,-66.0,120
2021-01-03 13:14:30,-67.0,120
2021-01-03 13:14:50,-66.0,120
2021-01-03 13:15:13,-66.0,120
2021-01-03 13:15:34,-66.0,120
2021-01-03 13:15:52,-66.0,120
2021-01-03 13:16:10,-66.0,120
2021-01-03 13:16:31,-66.0,120
2021-01-03 13:16:52,-66.0,120
2021-01-03 13:17:14,-66.0,120
2021-01-03 13:17:32,-67.0,120
2021-01-03 13:17:54,-66.0,120
2021-01-03 13:18:16,-66.0,120
2021-01-03 13:18:38,-66.0,120
2021-01-03 13:18:57,-66.0,120
2021-01-03 13:19:19,-66.0,120
2021-01-03 13:19:43,-66.0,120
2021-01-03 13:20:04,-66.0,120
2021-01-03 13:20:25,-65.0,120
2021-01-03 13:20:48,-66.0,120
2021-01-03 13:21:10,-66.0,120
2021-01-03 13:21:31,-66.0,120
2021-01-03 13:21:52,-66.0,120
2021-01-03 13:22:13,-66.0,120
2021-01-03 13:22:35,-66.0,120
2021-01-03 13:22:57,-66.0,120
2021-01-03 13:23:14,-66.0,120
2021-01-03 13:23:35,-66.0,120
2021-01-03 13:23:56,-66.0,120
2021-01-03 13:24:16,-65.0,120
2021-01-03 13:24:32,-66.0,120
2021-01-03 13:24:57,-66.0,120
2021-01-03 13:25:21,-66.0,120
2021-01-03 13:25:42,-66.0,120
2021-01-03 13:26:03,-66.0,120
2021-01-03 13:26:25,-66.0,120
2021-01-03 13:26:48,-66.0,120
2021-01-03 13:27:10,-66.0,120
2021-01-03 13:27:31,-66.0,120
2021-01-03 13:27:52,-66.0,120
2021-01-03 13:28:10,-66.0,120
2021-01-03 13:28:54,-76.0,140
2021-01-03 13:29:16,-75.0,140
2021-01-03 13:29:37,-75.0,140
2021-01-03 13:29:57,-77.0,140
2021-01-03 13:30:18,-76.0,140
2021-01-03 13:30:40,-75.0,140
2021-01-03 13:31:03,-74.0,140
2021-01-03 13:31:25,-75.0,140
2021-01-03 13:31:47,-76.0,140
2021-01-03 13:32:08,-76.0,140
2021-01-03 13:32:30,-75.0,140
2021-01-03 13:32:56,-75.0,140
2021-01-03 13:33:17,-75.0,140
2021-01-03 13:33:34,-76.0,140
2021-01-03 13:33:52,-76.0,140
2021-01-03 13:34:11,-76.0,140
2021-01-03 13:34:51,-76.0,140
2021-01-03 13:35:08,-75.0,140
2021-01-03 13:35:33,-75.0,140
2021-01-03 13:35:55,-76.0,140
2021-01-03 13:36:15,-75.0,140
2021-01-03 13:36:39,-76.0,140
2021-01-03 13:36:56,-76.0,140
2021-01-03 13:37:17,-75.0,140
2021-01-03 13:37:35,-76.0,140
2021-01-03 13:37:57,-76.0,140
2021-01-03 13:38:20,-75.0,140
2021-01-03 13:38:41,-75.0,140
2021-01-03 13:39:07,-75.0,140
2021-01-03 13:39:28,-75.0,140
2021-01-03 13:40:46,-75.0,140
2021-01-03 13:41:10,-75.0,140
2021-01-03 13:41:34,-75.0,140
2021-01-03 13:41:53,-76.0,140
2021-01-03 13:42:14,-76.0,140
2021-01-03 13:42:31,-76.0,140
2021-01-03 13:42:52,-75.0,140
2021-01-03 13:43:15,-75.0,140
2021-01-03 13:43:37,-76.0,140
2021-01-03 13:43:58,-76.0,140
2021-01-03 13:44:24,-75.0,140
2021-01-03 13:44:45,-76.0,140
2021-01-03 13:45:07,-75.0,140
2021-01-03 13:45:28,-75.0,140
2021-01-03 13:45:50,-76.0,140
2021-01-03 13:46:13,-76.0,140
2021-01-03 13:46:34,-73.0,140
2021-01-03 13:46:55,-76.0,140
2021-01-03 13:47:16,-76.0,140
2021-01-03 13:47:37,-76.0,140
2021-01-03 13:47:55,-76.0,140
2021-01-03 13:48:16,-75.0,140
2021-01-03 13:48:37,-76.0,140
2021-01-03 13:48:58,-76.0,140
2021-01-03 13:49:19,-76.0,140
2021-01-03 13:49:41,-75.0,140
2021-01-03 13:50:04,-75.0,140
2021-01-03 13:50:24,-75.0,140
2021-01-03 13:50:41,-76.0,140
2021-01-03 13:51:03,-75.0,140
2021-01-03 13:51:25,-75.0,140
2021-01-03 13:51:46,-76.0,140
2021-01-03 13:52:07,-75.0,140
2021-01-03 13:52:29,-76.0,140
2021-01-03 13:52:50,-75.0,140
2021-01-03 13:53:12,-75.0,140
2021-01-03 13:53:34,-75.0,140
2021-01-03 13:53:55,-75.0,140
2021-01-03 13:54:20,-75.0,140
2021-01-03 13:55:52,-75.0,140
2021-01-03 13:56:13,-75.0,140
2021-01-03 13:56:35,-75.0,140
2021-01-03 13:56:56,-76.0,140
2021-01-03 13:57:20,-75.0,140
2021-01-03 13:57:41,-76.0,140
2021-01-03 13:58:02,-76.0,140
2021-01-03 13:58:26,-75.0,140
2021-01-03 13:59:17,-68.0,160
2021-01-03 13:59:35,-67.0,160
2021-01-03 13:59:58,-67.0,160
2021-01-03 14:00:14,-67.0,160
2021-01-03 14:00:35,-66.0,160
2021-01-03 14:00:57,-66.0,160
2021-01-03 14:01:20,-66.0,160
2021-01-03 14:01:39,-66.0,160
2021-01-03 14:02:05,-66.0,160
2021-01-03 14:02:29,-66.0,160
2021-01-03 14:02:49,-66.0,160
2021-01-03 14:03:11,-67.0,160
2021-01-03 14:03:32,-67.0,160
2021-01-03 14:03:54,-67.0,160
2021-01-03 14:04:12,-65.0,160
2021-01-03 14:04:35,-66.0,160
2021-01-03 14:05:08,-68.0,160
2021-01-03 14:05:44,-66.0,160
2021-01-03 14:06:05,-66.0,160
2021-01-03 14:06:25,-67.0,160
2021-01-03 14:07:12,-66.0,160
2021-01-03 14:07:34,-66.0,160
2021-01-03 14:07:52,-67.0,160
2021-01-03 14:08:13,-67.0,160
2021-01-03 14:08:30,-66.0,160
2021-01-03 14:08:54,-67.0,160
2021-01-03 14:09:24,-66.0,160
2021-01-03 14:10:51,-66.0,160
2021-01-03 14:11:14,-67.0,160
2021-01-03 14:11:35,-66.0,160
2021-01-03 14:11:57,-65.0,160
2021-01-03 14:12:18,-67.0,160
2021-01-03 14:12:56,-67.0,160
2021-01-03 14:13:20,-67.0,160
2021-01-03 14:13:39,-66.0,160
2021-01-03 14:13:58,-66.0,160
2021-01-03 14:14:19,-67.0,160
2021-01-03 14:14:56,-67.0,160
2021-01-03 14:15:19,-66.0,160
2021-01-03 14:15:50,-66.0,160
2021-01-03 14:16:13,-66.0,160
2021-01-03 14:16:37,-67.0,160
2021-01-03 14:16:59,-66.0,160
2021-01-03 14:17:32,-66.0,160
2021-01-03 14:17:56,-68.0,160
2021-01-03 14:18:19,-67.0,160
2021-01-03 14:18:45,-67.0,160
2021-01-03 14:19:07,-67.0,160
2021-01-03 14:19:28,-67.0,160
2021-01-03 14:19:45,-66.0,160
2021-01-03 14:20:06,-67.0,160
2021-01-03 14:20:28,-66.0,160
2021-01-03 14:20:49,-66.0,160
2021-01-03 14:21:19,-67.0,160
2021-01-03 14:21:40,-67.0,160
2021-01-03 14:22:01,-66.0,160
2021-01-03 14:22:33,-66.0,160
2021-01-03 14:22:54,-66.0,160
2021-01-03 14:23:21,-66.0,160
2021-01-03 14:23:41,-67.0,160
2021-01-03 14:24:03,-66.0,160
2021-01-03 14:24:25,-67.0,160
2021-01-03 14:25:58,-67.0,160
2021-01-03 14:26:21,-66.0,160
2021-01-03 14:26:42,-68.0,160
2021-01-03 14:27:02,-66.0,160
2021-01-03 14:27:20,-67.0,160
2021-01-03 14:27:42,-68.0,160
2021-01-03 14:28:04,-67.0,160
2021-01-03 14:28:28,-66.0,160
2021-01-03 14:28:50,-67.0,160
2021-01-03 14:29:27,-69.0,180
2021-01-03 14:29:55,-69.0,180
2021-01-03 14:30:16,-70.0,180
2021-01-03 14:30:36,-69.0,180
2021-01-03 14:30:58,-69.0,180
2021-01-03 14:31:21,-69.0,180
2021-01-03 14:31:41,-69.0,180
2021-01-03 14:32:03,-69.0,180
2021-01-03 14:32:24,-69.0,180
2021-01-03 14:32:45,-71.0,180
2021-01-03 14:33:09,-69.0,180
2021-01-03 14:33:30,-69.0,180
2021-01-03 14:33:51,-69.0,180
2021-01-03 14:34:13,-69.0,180
2021-01-03 14:34:34,-71.0,180
2021-01-03 14:34:56,-69.0,180
2021-01-03 14:35:17,-69.0,180
2021-01-03 14:35:38,-69.0,180
2021-01-03 14:36:00,-70.0,180
2021-01-03 14:36:15,-69.0,180
2021-01-03 14:36:40,-69.0,180
2021-01-03 14:37:01,-71.0,180
2021-01-03 14:37:22,-69.0,180
2021-01-03 14:37:45,-69.0,180
2021-01-03 14:38:06,-69.0,180
2021-01-03 14:38:36,-69.0,180
2021-01-03 14:39:00,-69.0,180
2021-01-03 14:39:22,-68.0,180
2021-01-03 14:41:05,-69.0,180
2021-01-03 14:41:26,-69.0,180
2021-01-03 14:41:47,-69.0,180
2021-01-03 14:42:08,-71.0,180
2021-01-03 14:42:30,-69.0,180
2021-01-03 14:42:56,-69.0,180
2021-01-03 14:43:16,-69.0,180
2021-01-03 14:43:46,-68.0,180
2021-01-03 14:44:07,-69.0,180
2021-01-03 14:44:31,-69.0,180
2021-01-03 14:44:53,-69.0,180
2021-01-03 14:45:15,-69.0,180
2021-01-03 14:45:36,-69.0,180
2021-01-03 14:46:02,-69.0,180
2021-01-03 14:46:26,-69.0,180
2021-01-03 14:46:47,-69.0,180
2021-01-03 14:47:09,-71.0,180
2021-01-03 14:47:31,-69.0,180
2021-01-03 14:47:53,-69.0,180
2021-01-03 14:48:15,-70.0,180
2021-01-03 14:48:36,-69.0,180
2021-01-03 14:48:57,-71.0,180
2021-01-03 14:49:18,-69.0,180
2021-01-03 14:49:39,-69.0,180
2021-01-03 14:50:00,-69.0,180
2021-01-03 14:50:23,-69.0,180
2021-01-03 14:50:44,-69.0,180
2021-01-03 14:51:06,-69.0,180
2021-01-03 14:51:28,-69.0,180
2021-01-03 14:51:49,-71.0,180
2021-01-03 14:52:11,-69.0,180
2021-01-03 14:52:33,-69.0,180
2021-01-03 14:52:55,-69.0,180
2021-01-03 14:53:17,-69.0,180
2021-01-03 14:53:38,-69.0,180
2021-01-03 14:53:56,-69.0,180
2021-01-03 14:54:14,-69.0,180
2021-01-03 14:56:06,-69.0,180
2021-01-03 14:56:48,-72.0,180
2021-01-03 14:57:09,-69.0,180
2021-01-03 14:57:29,-69.0,180
2021-01-03 14:57:51,-71.0,180
2021-01-03 14:58:12,-69.0,180
2021-01-03 14:58:35,-69.0,180
2021-01-03 14:58:56,-69.0,180
2021-01-03 14:59:35,-67.0,200
2021-01-03 14:59:55,-67.0,200
2021-01-03 15:00:17,-68.0,200
2021-01-03 15:00:37,-67.0,200
2021-01-03 15:00:54,-67.0,200
2021-01-03 15:01:16,-67.0,200
2021-01-03 15:01:38,-67.0,200
2021-01-03 15:01:59,-67.0,200
2021-01-03 15:02:20,-67.0,200
2021-01-03 15:02:43,-67.0,200
2021-01-03 15:03:05,-67.0,200
2021-01-03 15:03:23,-67.0,200
2021-01-03 15:03:44,-67.0,200
2021-01-03 15:04:05,-67.0,200
2021-01-03 15:04:30,-67.0,200
2021-01-03 15:04:49,-67.0,200
2021-01-03 15:05:11,-68.0,200
2021-01-03 15:05:32,-67.0,200
2021-01-03 15:05:53,-67.0,200
2021-01-03 15:06:14,-67.0,200
2021-01-03 15:06:36,-67.0,200
2021-01-03 15:06:57,-67.0,200
2021-01-03 15:07:18,-67.0,200
2021-01-03 15:07:41,-67.0,200
2021-01-03 15:08:02,-67.0,200
2021-01-03 15:08:23,-67.0,200
2021-01-03 15:08:44,-67.0,200
2021-01-03 15:09:05,-67.0,200
2021-01-03 15:09:27,-68.0,200
2021-01-03 15:11:15,-67.0,200
2021-01-03 15:11:36,-67.0,200
2021-01-03 15:11:57,-67.0,200
2021-01-03 15:12:19,-67.0,200
2021-01-03 15:12:52,-67.0,200
2021-01-03 15:13:11,-67.0,200
2021-01-03 15:13:39,-67.0,200
2021-01-03 15:13:59,-67.0,200
2021-01-03 15:14:20,-67.0,200
2021-01-03 15:14:43,-67.0,200
2021-01-03 15:15:04,-67.0,200
2021-01-03 15:15:25,-67.0,200
2021-01-03 15:15:44,-67.0,200
2021-01-03 15:16:06,-67.0,200
2021-01-03 15:16:28,-67.0,200
2021-01-03 15:16:49,-67.0,200
2021-01-03 15:17:10,-67.0,200
2021-01-03 15:17:31,-67.0,200
2021-01-03 15:17:55,-67.0,200
2021-01-03 15:18:21,-67.0,200
2021-01-03 15:18:42,-67.0,200
2021-01-03 15:19:04,-67.0,200
2021-01-03 15:19:27,-67.0,200
2021-01-03 15:19:49,-67.0,200
2021-01-03 15:20:11,-67.0,200
2021-01-03 15:20:32,-67.0,200
2021-01-03 15:20:57,-67.0,200
2021-01-03 15:21:16,-67.0,200
2021-01-03 15:21:43,-67.0,200
2021-01-03 15:22:03,-67.0,200
2021-01-03 15:22:27,-67.0,200
2021-01-03 15:22:48,-67.0,200
2021-01-03 15:23:10,-67.0,200
2021-01-03 15:23:32,-67.0,200
2021-01-03 15:23:55,-67.0,200
2021-01-03 15:24:16,-68.0,200
2021-01-03 15:26:16,-67.0,200
2021-01-03 15:26:37,-67.0,200
2021-01-03 15:26:59,-67.0,200
2021-01-03 15:27:21,-67.0,200
2021-01-03 15:27:42,-67.0,200
2021-01-03 15:28:04,-68.0,200
2021-01-03 15:28:26,-67.0,200
2021-01-03 15:28:47,-67.0,200
2021-01-03 15:29:04,-67.0,200
2021-01-03 15:29:25,-67.0,200
2021-01-03 15:30:08,-48.0,0
2021-01-03 15:30:28,-47.0,0
2021-01-03 15:30:49,-48.0,0
2021-01-03 15:31:10,-48.0,0
2021-01-03 15:31:41,-48.0,0
2021-01-03 15:32:04,-47.0,0
2021-01-03 15:32:26,-47.0,0
2021-01-03 15:32:47,-47.0,0
2021-01-03 15:33:08,-47.0,0
2021-01-03 15:33:29,-47.0,0
2021-01-03 15:33:50,-47.0,0
2021-01-03 15:34:46,-47.0,0
2021-01-03 15:35:07,-47.0,0
2021-01-03 15:35:28,-47.0,0
2021-01-03 15:35:53,-47.0,0
2021-01-03 15:36:14,-48.0,0
2021-01-03 15:36:35,-47.0,0
2021-01-03 15:36:57,-47.0,0
2021-01-03 15:37:16,-47.0,0
2021-01-03 15:37:37,-44.0,0
2021-01-03 15:37:58,-47.0,0
2021-01-03 15:38:18,-46.0,0
2021-01-03 15:38:37,-46.0,0
2021-01-03 15:38:58,-47.0,0
2021-01-03 15:39:20,-47.0,0
2021-01-03 15:41:25,-47.0,0
2021-01-03 15:41:46,-47.0,0
2021-01-03 15:42:07,-47.0,0
2021-01-03 15:42:31,-44.0,0
2021-01-03 15:42:54,-46.0,0
2021-01-03 15:43:15,-48.0,0
2021-01-03 15:43:41,-47.0,0
2021-01-03 15:44:03,-47.0,0
2021-01-03 15:44:21,-44.0,0
2021-01-03 15:44:40,-47.0,0
2021-01-03 15:45:00,-47.0,0
2021-01-03 15:45:25,-47.0,0
2021-01-03 15:45:51,-48.0,0
2021-01-03 15:46:07,-47.0,0
2021-01-03 15:46:32,-47.0,0
2021-01-03 15:46:55,-48.0,0
2021-01-03 15:47:16,-48.0,0
2021-01-03 15:47:38,-48.0,0
2021-01-03 15:47:58,-47.0,0
2021-01-03 15:48:39,-54.0,20
2021-01-03 15:49:03,-54.0,20
2021-01-03 15:49:24,-55.0,20
2021-01-03 15:49:46,-55.0,20
2021-01-03 15:50:07,-54.0,20
2021-01-03 15:50:28,-55.0,20
2021-01-03 15:50:48,-54.0,20
2021-01-03 15:51:11,-55.0,20
2021-01-03 15:51:27,-55.0,20
2021-01-03 15:51:46,-55.0,20
2021-01-03 15:52:08,-55.0,20
2021-01-03 15:52:29,-55.0,20
2021-01-03 15:52:48,-55.0,20
2021-01-03 15:53:10,-54.0,20
2021-01-03 15:53:34,-55.0,20
2021-01-03 15:53:58,-55.0,20
2021-01-03 15:54:19,-55.0,20
2021-01-03 15:56:26,-55.0,20
2021-01-03 15:56:47,-55.0,20
2021-01-03 15:57:09,-55.0,20
2021-01-03 15:57:31,-55.0,20
2021-01-03 15:57:52,-55.0,20
2021-01-03 15:58:13,-56.0,20
2021-01-03 15:58:35,-55.0,20
2021-01-03 15:58:56,-55.0,20
2021-01-03 15:59:17,-55.0,20
2021-01-03 15:59:40,-55.0,20
2021-01-03 16:00:01,-55.0,20
2021-01-03 16:00:17,-55.0,20
2021-01-03 16:00:33,-55.0,20
2021-01-03 16:00:55,-55.0,20
2021-01-03 16:01:18,-55.0,20
2021-01-03 16:01:35,-56.0,20
2021-01-03 16:01:59,-54.0,20
2021-01-03 16:02:16,-55.0,20
2021-01-03 16:02:38,-56.0,20
2021-01-03 16:03:00,-55.0,20
2021-01-03 16:03:23,-53.0,20
2021-01-03 16:03:44,-55.0,20
2021-01-03 16:04:08,-55.0,20
2021-01-03 16:04:29,-56.0,20
2021-01-03 16:04:51,-56.0,20
2021-01-03 16:05:14,-55.0,20
2021-01-03 16:05:36,-54.0,20
2021-01-03 16:05:58,-54.0,20
2021-01-03 16:06:19,-55.0,20
2021-01-03 16:06:43,-55.0,20
2021-01-03 16:07:03,-54.0,20
2021-01-03 16:07:22,-56.0,20
2021-01-03 16:07:40,-55.0,20
2021-01-03 16:08:01,-54.0,20
2021-01-03 16:08:20,-55.0,20
2021-01-03 16:08:45,-54.0,20
2021-01-03 16:09:07,-55.0,20
2021-01-03 16:09:29,-55.0,20
2021-01-03 16:11:30,-55.0,20
2021-01-03 16:11:47,-54.0,20
2021-01-03 16:12:06,-55.0,20
2021-01-03 16:12:35,-55.0,20
2021-01-03 16:12:51,-56.0,20
2021-01-03 16:13:12,-55.0,20
2021-01-03 16:13:34,-54.0,20
2021-01-03 16:13:59,-54.0,20
2021-01-03 16:14:22,-55.0,20
2021-01-03 16:14:42,-55.0,20
2021-01-03 16:14:58,-55.0,20
2021-01-03 16:15:20,-54.0,20
2021-01-03 16:15:41,-55.0,20
2021-01-03 16:16:03,-54.0,20
2021-01-03 16:16:24,-55.0,20
2021-01-03 16:16:40,-55.0,20
2021-01-03 16:17:00,-55.0,20
2021-01-03 16:17:24,-56.0,20
2021-01-03 16:17:43,-55.0,20
2021-01-03 16:18:04,-56.0,20
2021-01-03 16:18:47,-57.0,40
2021-01-03 16:19:08,-58.0,40
2021-01-03 16:19:29,-58.0,40
2021-01-03 16:19:50,-57.0,40
2021-01-03 16:20:12,-57.0,40
2021-01-03 16:20:32,-58.0,40
2021-01-03 16:20:53,-57.0,40
2021-01-03 16:21:16,-58.0,40
2021-01-03 16:21:37,-57.0,40
2021-01-03 16:21:59,-60.0,40
2021-01-03 16:22:21,-59.0,40
2021-01-03 16:22:43,-58.0,40
2021-01-03 16:23:04,-58.0,40
2021-01-03 16:23:25,-57.0,40
2021-01-03 16:23:43,-58.0,40
2021-01-03 16:24:21,-57.0,40
2021-01-03 16:26:36,-58.0,40
2021-01-03 16:26:58,-58.0,40
2021-01-03 16:27:19,-58.0,40
2021-01-03 16:27:40,-58.0,40
2021-01-03 16:28:03,-57.0,40
2021-01-03 16:28:24,-57.0,40
2021-01-03 16:28:45,-57.0,40
2021-01-03 16:29:01,-57.0,40
2021-01-03 16:29:22,-57.0,40
2021-01-03 16:29:43,-58.0,40
2021-01-03 16:30:04,-57.0,40
2021-01-03 16:30:26,-57.0,40
2021-01-03 16:30:47,-60.0,40
2021-01-03 16:31:08,-58.0,40
2021-01-03 16:31:32,-57.0,40
2021-01-03 16:31:49,-59.0,40
2021-01-03 16:32:29,-58.0,40
2021-01-03 16:32:50,-57.0,40
2021-01-03 16:33:11,-58.0,40
2021-01-03 16:33:32,-58.0,40
2021-01-03 16:33:53,-57.0,40
2021-01-03 16:34:14,-57.0,40
2021-01-03 16:34:36,-58.0,40
2021-01-03 16:34:52,-58.0,40
2021-01-03 16:35:14,-58.0,40
2021-01-03 16:35:34,-58.0,40
2021-01-03 16:35:56,-58.0,40
2021-01-03 16:36:17,-57.0,40
2021-01-03 16:36:39,-58.0,40
2021-01-03 16:37:01,-58.0,40
2021-01-03 16:37:23,-57.0,40
2021-01-03 16:37:45,-58.0,40
2021-01-03 16:38:07,-58.0,40
2021-01-03 16:38:30,-58.0,40
2021-01-03 16:38:51,-57.0,40
2021-01-03 16:39:29,-58.0,40
2021-01-03 16:39:48,-59.0,40
2021-01-03 16:40:09,-57.0,40
2021-01-03 16:40:30,-57.0,40
2021-01-03 16:40:50,-58.0,40
2021-01-03 16:41:13,-58.0,40
2021-01-03 16:41:46,-57.0,40
2021-01-03 16:42:07,-58.0,40
2021-01-03 16:42:31,-58.0,40
2021-01-03 16:42:53,-57.0,40
2021-01-03 16:43:14,-58.0,40
2021-01-03 16:43:31,-59.0,40
2021-01-03 16:43:52,-57.0,40
2021-01-03 16:44:14,-59.0,40
2021-01-03 16:44:35,-58.0,40
2021-01-03 16:44:56,-57.0,40
2021-01-03 16:45:20,-57.0,40
2021-01-03 16:45:42,-58.0,40
2021-01-03 16:46:00,-57.0,40
2021-01-03 16:46:39,-57.0,40
2021-01-03 16:46:55,-58.0,40
2021-01-03 16:47:16,-58.0,40
2021-01-03 16:47:33,-57.0,40
2021-01-03 16:47:54,-57.0,40
2021-01-03 16:48:17,-57.0,40
2021-01-03 16:49:05,-63.0,60
2021-01-03 16:49:27,-63.0,60
2021-01-03 16:49:44,-63.0,60
2021-01-03 16:50:05,-63.0,60
2021-01-03 16:50:27,-63.0,60
2021-01-03 16:50:49,-63.0,60
2021-01-03 16:51:11,-63.0,60
2021-01-03 16:51:32,-64.0,60
2021-01-03 16:51:53,-63.0,60
2021-01-03 16:52:10,-64.0,60
2021-01-03 16:52:31,-63.0,60
2021-01-03 16:52:56,-63.0,60
2021-01-03 16:53:14,-63.0,60
2021-01-03 16:53:35,-63.0,60
2021-01-03 16:53:56,-63.0,60
2021-01-03 16:54:17,-63.0,60
2021-01-03 16:56:51,-63.0,60
2021-01-03 16:57:13,-63.0,60
2021-01-03 16:57:34,-63.0,60
2021-01-03 16:57:56,-63.0,60
2021-01-03 16:58:18,-64.0,60
2021-01-03 16:58:39,-63.0,60
2021-01-03 16:59:00,-63.0,60
2021-01-03 16:59:21,-63.0,60
2021-01-03 16:59:43,-63.0,60
2021-01-03 17:00:02,-64.0,60
2021-01-03 17:00:23,-63.0,60
2021-01-03 17:00:44,-63.0,60
2021-01-03 17:01:06,-63.0,60
2021-01-03 17:01:28,-63.0,60
2021-01-03 17:01:50,-63.0,60
2021-01-03 17:02:12,-63.0,60
2021-01-03 17:02:34,-63.0,60
2021-01-03 17:02:56,-63.0,60
2021-01-03 17:03:17,-63.0,60
2021-01-03 17:03:38,-62.0,60
2021-01-03 17:03:59,-63.0,60
2021-01-03 17:04:21,-63.0,60
2021-01-03 17:04:41,-63.0,60
2021-01-03 17:05:03,-64.0,60
2021-01-03 17:05:26,-63.0,60
2021-01-03 17:05:47,-63.0,60
2021-01-03 17:06:08,-63.0,60
2021-01-03 17:06:29,-64.0,60
2021-01-03 17:06:49,-63.0,60
2021-01-03 17:07:05,-63.0,60
2021-01-03 17:07:26,-63.0,60
2021-01-03 17:07:47,-63.0,60
2021-01-03 17:08:08,-64.0,60
2021-01-03 17:08:28,-63.0,60
2021-01-03 17:08:50,-63.0,60
2021-01-03 17:09:17,-63.0,60
2021-01-03 17:11:52,-63.0,60
2021-01-03 17:12:15,-63.0,60
2021-01-03 17:12:36,-63.0,60
2021-01-03 17:12:57,-63.0,60
2021-01-03 17:13:18,-63.0,60
2021-01-03 17:13:36,-64.0,60
2021-01-03 17:13:59,-63.0,60
2021-01-03 17:14:16,-63.0,60
2021-01-03 17:14:37,-63.0,60
2021-01-03 17:14:58,-64.0,60
2021-01-03 17:15:20,-63.0,60
2021-01-03 17:15:45,-63.0,60
2021-01-03 17:16:07,-64.0,60
2021-01-03 17:16:34,-63.0,60
2021-01-03 17:16:57,-63.0,60
2021-01-03 17:17:15,-63.0,60
2021-01-03 17:17:36,-64.0,60
2021-01-03 17:17:53,-63.0,60
2021-01-03 17:18:14,-63.0,60
2021-01-03 17:18:35,-63.0,60
2021-01-03 17:19:17,-62.0,80
2021-01-03 17:19:40,-62.0,80
2021-01-03 17:19:59,-62.0,80
2021-01-03 17:20:21,-62.0,80
2021-01-03 17:20:42,-62.0,80
2021-01-03 17:21:04,-62.0,80
2021-01-03 17:21:25,-62.0,80
2021-01-03 17:21:46,-61.0,80
2021-01-03 17:22:03,-62.0,80
2021-01-03 17:22:24,-62.0,80
2021-01-03 17:22:46,-61.0,80
2021-01-03 17:23:07,-62.0,80
2021-01-03 17:23:30,-62.0,80
2021-01-03 17:23:52,-62.0,80
2021-01-03 17:24:17,-62.0,80
2021-01-03 17:26:58,-62.0,80
2021-01-03 17:27:19,-61.0,80
2021-01-03 17:27:41,-62.0,80
2021-01-03 17:27:57,-61.0,80
2021-01-03 17:28:18,-62.0,80
2021-01-03 17:28:38,-62.0,80
2021-01-03 17:29:00,-62.0,80
2021-01-03 17:29:22,-62.0,80
2021-01-03 17:29:41,-62.0,80
2021-01-03 17:30:02,-62.0,80
2021-01-03 17:30:23,-62.0,80
2021-01-03 17:30:45,-62.0,80
2021-01-03 17:31:06,-62.0,80
2021-01-03 17:31:28,-62.0,80
2021-01-03 17:31:50,-62.0,80
2021-01-03 17:32:13,-62.0,80
2021-01-03 17:32:35,-62.0,80
2021-01-03 17:32:55,-62.0,80
2021-01-03 17:33:19,-62.0,80
2021-01-03 17:33:40,-62.0,80
2021-01-03 17:34:00,-61.0,80
2021-01-03 17:34:22,-62.0,80
2021-01-03 17:34:45,-62.0,80
2021-01-03 17:35:07,-62.0,80
2021-01-03 17:35:29,-62.0,80
2021-01-03 17:35:51,-62.0,80
2021-01-03 17:36:12,-62.0,80
2021-01-03 17:36:34,-62.0,80
2021-01-03 17:36:55,-62.0,80
2021-01-03 17:37:11,-62.0,80
2021-01-03 17:37:34,-62.0,80
2021-01-03 17:37:55,-62.0,80
2021-01-03 17:38:16,-62.0,80
2021-01-03 17:38:37,-62.0,80
2021-01-03 17:38:58,-62.0,80
2021-01-03 17:39:20,-62.0,80
2021-01-03 17:42:06,-62.0,80
2021-01-03 17:42:22,-62.0,80
2021-01-03 17:42:43,-63.0,80
2021-01-03 17:43:05,-62.0,80
2021-01-03 17:43:27,-61.0,80
2021-01-03 17:43:48,-61.0,80
2021-01-03 17:44:05,-62.0,80
2021-01-03 17:44:26,-62.0,80
2021-01-03 17:44:47,-62.0,80
2021-01-03 17:45:08,-62.0,80
2021-01-03 17:45:30,-61.0,80
2021-01-03 17:45:51,-62.0,80
2021-01-03 17:46:14,-62.0,80
2021-01-03 17:46:35,-62.0,80
2021-01-03 17:46:51,-61.0,80
2021-01-03 17:47:13,-62.0,80
2021-01-03 17:47:34,-62.0,80
2021-01-03 17:47:55,-62.0,80
2021-01-03 17:48:17,-62.0,80
2021-01-03 17:48:40,-62.0,80
2021-01-03 17:49:02,-62.0,80
2021-01-03 17:49:46,-65.0,100
2021-01-03 17:50:07,-64.0,100
2021-01-03 17:50:28,-64.0,100
2021-01-03 17:50:49,-64.0,100
2021-01-03 17:51:13,-64.0,100
2021-01-03 17:51:30,-64.0,100
2021-01-03 17:51:51,-64.0,100
2021-01-03 17:52:13,-66.0,100
2021-01-03 17:52:35,-64.0,100
2021-01-03 17:52:56,-64.0,100
2021-01-03 17:53:17,-64.0,100
2021-01-03 17:53:42,-64.0,100
2021-01-03 17:54:02,-64.0,100
2021-01-03 17:54:23,-66.0,100
2021-01-03 17:57:10,-64.0,100
2021-01-03 17:57:32,-66.0,100
2021-01-03 17:57:50,-64.0,100
2021-01-03 17:58:12,-64.0,100
2021-01-03 17:58:33,-64.0,100
2021-01-03 17:58:55,-64.0,100
2021-01-03 17:59:16,-64.0,100
2021-01-03 17:59:38,-64.0,100
2021-01-03 17:59:59,-64.0,100
2021-01-03 18:00:21,-64.0,100
2021-01-03 18:00:44,-64.0,100
2021-01-03 18:01:01,-65.0,100
2021-01-03 18:01:23,-64.0,100
2021-01-03 18:01:44,-64.0,100
2021-01-03 18:02:01,-64.0,100
2021-01-03 18:02:19,-64.0,100
2021-01-03 18:02:41,-64.0,100
2021-01-03 18:03:01,-64.0,100
2021-01-03 18:03:34,-64.0,100
2021-01-03 18:03:51,-64.0,100
2021-01-03 18:04:12,-64.0,100
2021-01-03 18:04:33,-64.0,100
2021-01-03 18:04:55,-64.0,100
2021-01-03 18:05:17,-64.0,100
2021-01-03 18:05:38,-64.0,100
2021-01-03 18:05:59,-64.0,100
2021-01-03 18:06:18,-64.0,100
2021-01-03 18:06:39,-64.0,100
2021-01-03 18:06:56,-64.0,100
2021-01-03 18:07:18,-66.0,100
2021-01-03 18:07:41,-64.0,100
2021-01-03 18:08:02,-64.0,100
2021-01-03 18:08:23,-64.0,100
2021-01-03 18:08:44,-64.0,100
2021-01-03 18:09:05,-64.0,100
2021-01-03 18:09:22,-64.0,100
2021-01-03 18:12:13,-65.0,100
2021-01-03 18:12:34,-64.0,100
2021-01-03 18:12:55,-64.0,100
2021-01-03 18:13:16,-64.0,100
2021-01-03 18:13:37,-64.0,100
2021-01-03 18:14:02,-66.0,100
2021-01-03 18:14:31,-64.0,100
2021-01-03 18:14:52,-64.0,100
2021-01-03 18:15:10,-64.0,100
2021-01-03 18:15:31,-64.0,100
2021-01-03 18:15:52,-64.0,100
2021-01-03 18:16:14,-64.0,100
2021-01-03 18:16:35,-64.0,100
2021-01-03 18:16:56,-64.0,100
2021-01-03 18:17:18,-64.0,100
2021-01-03 18:17:39,-64.0,100
2021-01-03 18:18:01,-64.0,100
2021-01-03 18:18:22,-64.0,100
2021-01-03 18:18:45,-64.0,100
2021-01-03 18:19:02,-64.0,100
2021-01-03 18:19:44,-67.0,120
2021-01-03 18:20:05,-68.0,120
2021-01-03 18:20:27,-68.0,120
2021-01-03 18:20:47,-68.0,120
2021-01-03 18:21:08,-67.0,120
2021-01-03 18:21:29,-68.0,120
2021-01-03 18:21:52,-69.0,120
2021-01-03 18:22:12,-68.0,120
2021-01-03 18:22:28,-68.0,120
2021-01-03 18:22:46,-68.0,120
2021-01-03 18:23:07,-68.0,120
2021-01-03 18:23:28,-68.0,120
2021-01-03 18:23:49,-68.0,120
2021-01-03 18:24:17,-68.0,120
2021-01-03 18:27:30,-67.0,120
2021-01-03 18:27:52,-68.0,120
2021-01-03 18:28:13,-68.0,120
2021-01-03 18:28:34,-68.0,120
2021-01-03 18:28:56,-68.0,120
2021-01-03 18:29:17,-68.0,120
2021-01-03 18:29:40,-68.0,120
2021-01-03 18:30:02,-68.0,120
2021-01-03 18:30:23,-68.0,120
2021-01-03 18:30:45,-68.0,120
2021-01-03 18:31:06,-68.0,120
2021-01-03 18:31:27,-68.0,120
2021-01-03 18:31:48,-68.0,120
2021-01-03 18:32:09,-68.0,120
2021-01-03 18:32:32,-68.0,120
2021-01-03 18:32:53,-67.0,120
2021-01-03 18:33:14,-68.0,120
2021-01-03 18:33:35,-68.0,120
2021-01-03 18:33:58,-68.0,120
2021-01-03 18:34:20,-68.0,120
2021-01-03 18:34:41,-68.0,120
2021-01-03 18:35:02,-69.0,120
2021-01-03 18:35:23,-66.0,120
2021-01-03 18:35:40,-67.0,120
2021-01-03 18:36:05,-67.0,120
2021-01-03 18:36:22,-68.0,120
2021-01-03 18:36:44,-67.0,120
2021-01-03 18:37:05,-67.0,120
2021-01-03 18:37:26,-66.0,120
2021-01-03 18:37:48,-67.0,120
2021-01-03 18:38:10,-67.0,120
2021-01-03 18:38:32,-66.0,120
2021-01-03 18:38:54,-66.0,120
2021-01-03 18:39:16,-66.0,120
2021-01-03 18:42:24,-67.0,120
2021-01-03 18:42:46,-67.0,120
2021-01-03 18:43:08,-68.0,120
2021-01-03 18:43:29,-67.0,120
2021-01-03 18:43:51,-67.0,120
2021-01-03 18:44:15,-67.0,120
2021-01-03 18:44:35,-67.0,120
2021-01-03 18:44:56,-67.0,120
2021-01-03 18:45:17,-67.0,120
2021-01-03 18:45:38,-67.0,120
2021-01-03 18:46:03,-67.0,120
2021-01-03 18:46:24,-67.0,120
2021-01-03 18:46:45,-67.0,120
2021-01-03 18:47:07,-67.0,120
2021-01-03 18:47:29,-67.0,120
2021-01-03 18:47:46,-67.0,120
2021-01-03 18:48:08,-66.0,120
2021-01-03 18:48:29,-67.0,120
2021-01-03 18:48:50,-67.0,120
2021-01-03 18:49:11,-68.0,120
2021-01-03 18:49:33,-66.0,120
2021-01-03 18:50:12,-74.0,140
2021-01-03 18:50:36,-85.0,140
2021-01-03 18:50:58,-81.0,140
2021-01-03 18:51:20,-81.0,140
2021-01-03 18:51:41,-79.0,140
2021-01-03 18:52:03,-79.0,140
2021-01-03 18:52:25,-79.0,140
2021-01-03 18:52:48,-80.0,140
2021-01-03 18:53:12,-81.0,140
2021-01-03 18:53:34,-81.0,140
2021-01-03 18:53:55,-72.0,140
2021-01-03 18:54:16,-82.0,140
2021-01-03 18:57:28,-71.0,140
2021-01-03 18:57:52,-79.0,140
2021-01-03 18:58:13,-78.0,140
2021-01-03 18:58:34,-83.0,140
2021-01-03 18:58:55,-79.0,140
2021-01-03 18:59:14,-82.0,140
2021-01-03 18:59:35,-83.0,140
2021-01-03 18:59:58,-93.0,140
2021-01-03 19:00:20,-80.0,140
2021-01-03 19:00:41,-82.0,140
2021-01-03 19:01:02,-80.0,140
2021-01-03 19:01:23,-82.0,140
2021-01-03 19:01:40,-86.0,140
2021-01-03 19:02:02,-78.0,140
2021-01-03 19:02:25,-84.0,140
2021-01-03 19:02:46,-72.0,140
2021-01-03 19:03:07,-80.0,140
2021-01-03 19:03:24,-80.0,140
2021-01-03 19:03:45,-80.0,140
2021-01-03 19:04:06,-78.0,140
2021-01-03 19:04:27,-79.0,140
2021-01-03 19:04:44,-71.0,140
2021-01-03 19:05:05,-79.0,140
2021-01-03 19:05:26,-71.0,140
2021-01-03 19:05:50,-81.0,140
2021-01-03 19:06:11,-71.0,140
2021-01-03 19:06:29,-79.0,140
2021-01-03 19:06:49,-80.0,140
2021-01-03 19:07:10,-79.0,140
2021-01-03 19:07:31,-81.0,140
2021-01-03 19:07:49,-82.0,140
2021-01-03 19:08:05,-78.0,140
2021-01-03 19:08:26,-72.0,140
2021-01-03 19:08:49,-72.0,140
2021-01-03 19:09:16,-77.0,140
2021-01-03 19:12:29,-72.0,140
2021-01-03 19:12:53,-77.0,140
2021-01-03 19:13:15,-77.0,140
2021-01-03 19:13:36,-77.0,140
2021-01-03 19:13:58,-77.0,140
2021-01-03 19:14:19,-77.0,140
2021-01-03 19:14:45,-78.0,140
2021-01-03 19:15:06,-76.0,140
2021-01-03 19:15:28,-77.0,140
2021-01-03 19:15:48,-71.0,140
2021-01-03 19:16:12,-71.0,140
2021-01-03 19:16:33,-71.0,140
2021-01-03 19:16:55,-76.0,140
2021-01-03 19:17:16,-77.0,140
2021-01-03 19:17:38,-78.0,140
2021-01-03 19:18:00,-72.0,140
2021-01-03 19:18:25,-76.0,140
2021-01-03 19:18:47,-78.0,140
2021-01-03 19:19:09,-78.0,140
2021-01-03 19:19:30,-71.0,140
2021-01-03 19:19:51,-76.0,140
2021-01-03 19:20:35,-69.0,160
2021-01-03 19:20:56,-68.0,160
2021-01-03 19:21:17,-69.0,160
2021-01-03 19:21:38,-69.0,160
2021-01-03 19:22:01,-69.0,160
2021-01-03 19:22:19,-69.0,160
2021-01-03 19:22:41,-69.0,160
2021-01-03 19:23:03,-69.0,160
2021-01-03 19:23:25,-69.0,160
2021-01-03 19:23:46,-67.0,160
2021-01-03 19:24:08,-69.0,160
2021-01-03 19:24:29,-69.0,160
2021-01-03 19:27:38,-69.0,160
2021-01-03 19:28:00,-69.0,160
2021-01-03 19:28:22,-70.0,160
2021-01-03 19:28:43,-70.0,160
2021-01-03 19:29:04,-69.0,160
2021-01-03 19:29:25,-69.0,160
2021-01-03 19:29:46,-69.0,160
2021-01-03 19:30:07,-70.0,160
2021-01-03 19:30:31,-69.0,160
2021-01-03 19:30:52,-69.0,160
2021-01-03 19:31:14,-69.0,160
2021-01-03 19:31:35,-69.0,160
2021-01-03 19:31:56,-71.0,160
2021-01-03 19:32:18,-70.0,160
2021-01-03 19:32:39,-70.0,160
2021-01-03 19:33:01,-70.0,160
2021-01-03 19:33:22,-70.0,160
2021-01-03 19:33:43,-70.0,160
2021-01-03 19:34:04,-70.0,160
2021-01-03 19:34:27,-70.0,160
2021-01-03 19:34:48,-70.0,160
2021-01-03 19:35:05,-70.0,160
2021-01-03 19:35:27,-70.0,160
2021-01-03 19:35:48,-69.0,160
2021-01-03 19:36:11,-70.0,160
2021-01-03 19:36:32,-70.0,160
2021-01-03 19:36:54,-70.0,160
2021-01-03 19:37:18,-69.0,160
2021-01-03 19:37:39,-69.0,160
2021-01-03 19:38:01,-69.0,160
2021-01-03 19:38:25,-69.0,160
2021-01-03 19:38:48,-69.0,160
2021-01-03 19:39:20,-69.0,160
2021-01-03 19:42:46,-70.0,160
2021-01-03 19:43:05,-69.0,160
2021-01-03 19:43:27,-69.0,160
2021-01-03 19:43:48,-69.0,160
2021-01-03 19:44:09,-69.0,160
2021-01-03 19:44:30,-70.0,160
2021-01-03 19:44:52,-69.0,160
2021-01-03 19:45:13,-69.0,160
2021-01-03 19:45:36,-69.0,160
2021-01-03 19:45:58,-69.0,160
2021-01-03 19:46:18,-70.0,160
2021-01-03 19:46:40,-69.0,160
2021-01-03 19:47:02,-69.0,160
2021-01-03 19:47:25,-70.0,160
2021-01-03 19:47:42,-69.0,160
2021-01-03 19:48:04,-69.0,160
2021-01-03 19:48:25,-69.0,160
2021-01-03 19:48:47,-69.0,160
2021-01-03 19:49:09,-69.0,160
2021-01-03 19:49:31,-69.0,160
2021-01-03 19:49:55,-69.0,160
2021-01-03 19:50:37,-70.0,180
2021-01-03 19:50:59,-70.0,180
2021-01-03 19:51:21,-70.0,180
2021-01-03 19:51:43,-70.0,180
2021-01-03 19:52:04,-70.0,180
2021-01-03 19:52:26,-70.0,180
2021-01-03 19:52:48,-71.0,180
2021-01-03 19:53:09,-70.0,180
2021-01-03 19:53:30,-70.0,180
2021-01-03 19:53:52,-70.0,180
2021-01-03 19:54:18,-70.0,180
2021-01-03 19:57:48,-70.0,180
2021-01-03 19:58:09,-70.0,180
2021-01-03 19:58:31,-70.0,180
2021-01-03 19:58:47,-70.0,180
2021-01-03 19:59:08,-70.0,180
2021-01-03 19:59:30,-70.0,180
2021-01-03 19:59:51,-70.0,180
2021-01-03 20:00:08,-69.0,180
2021-01-03 20:00:29,-70.0,180
2021-01-03 20:00:50,-70.0,180
2021-01-03 20:01:11,-70.0,180
2021-01-03 20:01:33,-69.0,180
2021-01-03 20:01:52,-69.0,180
2021-01-03 20:02:13,-70.0,180
2021-01-03 20:02:35,-70.0,180
2021-01-03 20:02:57,-70.0,180
2021-01-03 20:03:20,-70.0,180
2021-01-03 20:03:40,-70.0,180
2021-01-03 20:04:01,-70.0,180
2021-01-03 20:04:23,-70.0,180
2021-01-03 20:04:44,-70.0,180
2021-01-03 20:05:05,-70.0,180
2021-01-03 20:05:26,-70.0,180
2021-01-03 20:05:49,-70.0,180
2021-01-03 20:06:10,-70.0,180
2021-01-03 20:06:31,-70.0,180
2021-01-03 20:06:53,-70.0,180
2021-01-03 20:07:15,-70.0,180
2021-01-03 20:07:37,-70.0,180
2021-01-03 20:07:59,-70.0,180
2021-01-03 20:08:20,-68.0,180
2021-01-03 20:08:42,-69.0,180
2021-01-03 20:09:03,-70.0,180
2021-01-03 20:09:25,-70.0,180
2021-01-03 20:12:49,-70.0,180
2021-01-03 20:13:11,-70.0,180
2021-01-03 20:13:32,-70.0,180
2021-01-03 20:13:54,-70.0,180
2021-01-03 20:14:18,-70.0,180
2021-01-03 20:14:39,-70.0,180
2021-01-03 20:15:01,-70.0,180
2021-01-03 20:15:22,-70.0,180
2021-01-03 20:15:43,-70.0,180
2021-01-03 20:16:04,-70.0,180
2021-01-03 20:16:25,-70.0,180
2021-01-03 20:16:47,-70.0,180
2021-01-03 20:17:09,-70.0,180
2021-01-03 20:17:30,-70.0,180
2021-01-03 20:17:52,-70.0,180
2021-01-03 20:18:09,-70.0,180
2021-01-03 20:18:30,-70.0,180
2021-01-03 20:18:51,-70.0,180
2021-01-03 20:19:13,-70.0,180
2021-01-03 20:19:35,-69.0,180
2021-01-03 20:19:56,-70.0,180
2021-01-03 20:20:17,-70.0,180
2021-01-03 20:21:00,-66.0,200
2021-01-03 20:21:21,-66.0,200
2021-01-03 20:21:44,-70.0,200
2021-01-03 20:22:05,-66.0,200
2021-01-03 20:22:26,-66.0,200
2021-01-03 20:22:43,-67.0,200
2021-01-03 20:23:04,-70.0,200
2021-01-03 20:23:23,-67.0,200
2021-01-03 20:23:44,-66.0,200
2021-01-03 20:24:06,-66.0,200
2021-01-03 20:24:27,-66.0,200
2021-01-03 20:28:02,-67.0,200
2021-01-03 20:28:23,-66.0,200
2021-01-03 20:28:47,-66.0,200
2021-01-03 20:29:08,-66.0,200
2021-01-03 20:29:30,-66.0,200
2021-01-03 20:29:53,-66.0,200
2021-01-03 20:30:14,-66.0,200
2021-01-03 20:30:35,-67.0,200
2021-01-03 20:30:59,-67.0,200
2021-01-03 20:31:19,-66.0,200
2021-01-03 20:31:41,-66.0,200
2021-01-03 20:32:02,-70.0,200
2021-01-03 20:32:23,-66.0,200
2021-01-03 20:32:47,-66.0,200
2021-01-03 20:33:07,-67.0,200
2021-01-03 20:33:31,-71.0,200
2021-01-03 20:33:53,-66.0,200
2021-01-03 20:34:15,-67.0,200
2021-01-03 20:34:35,-66.0,200
2021-01-03 20:34:57,-66.0,200
2021-01-03 20:35:21,-66.0,200
2021-01-03 20:35:43,-70.0,200
2021-01-03 20:36:05,-67.0,200
2021-01-03 20:36:26,-66.0,200
2021-01-03 20:36:48,-66.0,200
2021-01-03 20:37:08,-66.0,200
2021-01-03 20:37:30,-67.0,200
2021-01-03 20:37:47,-67.0,200
2021-01-03 20:38:09,-65.0,200
2021-01-03 20:38:27,-66.0,200
2021-01-03 20:38:48,-66.0,200
2021-01-03 20:39:21,-70.0,200
2021-01-03 20:43:09,-67.0,200
2021-01-03 20:43:30,-67.0,200
2021-01-03 20:43:56,-66.0,200
2021-01-03 20:44:20,-66.0,200
2021-01-03 20:44:42,-65.0,200
2021-01-03 20:45:03,-67.0,200
2021-01-03 20:45:24,-66.0,200
2021-01-03 20:45:45,-66.0,200
2021-01-03 20:46:03,-67.0,200
2021-01-03 20:46:24,-67.0,200
2021-01-03 20:46:46,-67.0,200
2021-01-03 20:47:09,-67.0,200
2021-01-03 20:47:30,-67.0,200
2021-01-03 20:47:51,-67.0,200
2021-01-03 20:48:13,-71.0,200
2021-01-03 20:48:33,-66.0,200
2021-01-03 20:48:55,-66.0,200
2021-01-03 20:49:16,-67.0,200
2021-01-03 20:49:37,-67.0,200
2021-01-03 20:49:58,-67.0,200
2021-01-03 20:50:20,-67.0,200
2021-01-03 20:50:41,-66.0,200
2021-01-03 20:51:23,-47.0,0
2021-01-03 20:51:42,-47.0,0
2021-01-03 20:52:04,-47.0,0
2021-01-03 20:52:26,-47.0,0
2021-01-03 20:52:47,-47.0,0
2021-01-03 20:53:08,-47.0,0
2021-01-03 20:53:31,-47.0,0
2021-01-03 20:53:52,-47.0,0
2021-01-03 20:54:20,-47.0,0
2021-01-03 20:58:08,-47.0,0
2021-01-03 20:58:29,-47.0,0
2021-01-03 20:58:50,-47.0,0
2021-01-03 20:59:12,-47.0,0
2021-01-03 20:59:34,-47.0,0
2021-01-03 20:59:58,-45.0,0
2021-01-03 21:00:19,-47.0,0
2021-01-03 21:00:41,-47.0,0
2021-01-03 21:01:01,-47.0,0
2021-01-03 21:01:23,-47.0,0
2021-01-03 21:01:44,-47.0,0
2021-01-03 21:02:06,-47.0,0
2021-01-03 21:02:27,-47.0,0
2021-01-03 21:02:49,-45.0,0
2021-01-03 21:03:12,-47.0,0
2021-01-03 21:03:33,-47.0,0
2021-01-03 21:03:50,-47.0,0
2021-01-03 21:04:11,-47.0,0
2021-01-03 21:04:32,-47.0,0
2021-01-03 21:04:54,-47.0,0
2021-01-03 21:05:16,-47.0,0
2021-01-03 21:05:37,-47.0,0
2021-01-03 21:05:59,-47.0,0
2021-01-03 21:06:20,-47.0,0
2021-01-03 21:06:41,-47.0,0
2021-01-03 21:07:03,-47.0,0
2021-01-03 21:07:19,-47.0,0
2021-01-03 21:07:40,-47.0,0
2021-01-03 21:08:01,-47.0,0
2021-01-03 21:08:16,-47.0,0
2021-01-03 21:08:38,-47.0,0
2021-01-03 21:08:59,-47.0,0
2021-01-03 21:09:20,-47.0,0
2021-01-03 21:13:10,-47.0,0
2021-01-03 21:13:31,-47.0,0
2021-01-03 21:13:54,-47.0,0
2021-01-03 21:14:16,-47.0,0
2021-01-03 21:14:37,-47.0,0
2021-01-03 21:14:58,-47.0,0
2021-01-03 21:15:15,-47.0,0
2021-01-03 21:15:36,-47.0,0
2021-01-03 21:15:57,-47.0,0
2021-01-03 21:16:18,-47.0,0
2021-01-03 21:16:39,-47.0,0
2021-01-03 21:17:01,-47.0,0
2021-01-03 21:17:18,-47.0,0
2021-01-03 21:17:40,-47.0,0
2021-01-03 21:18:01,-47.0,0
2021-01-03 21:18:23,-47.0,0
2021-01-03 21:18:44,-47.0,0
2021-01-03 21:19:05,-47.0,0
2021-01-03 21:19:28,-47.0,0
2021-01-03 21:19:49,-47.0,0
2021-01-03 21:20:10,-47.0,0
2021-01-03 21:20:31,-47.0,0
2021-01-03 21:20:52,-47.0,0
2021-01-03 21:21:13,-47.0,0
2021-01-03 21:21:35,-47.0,0
2021-01-03 21:21:57,-47.0,0
2021-01-03 21:22:18,-45.0,0
2021-01-03 21:22:40,-47.0,0
2021-01-03 21:23:01,-47.0,0
2021-01-03 21:23:23,-47.0,0
2021-01-03 21:23:44,-47.0,0
2021-01-03 21:24:06,-47.0,0
2021-01-03 21:24:28,-44.0,0
2021-01-03 21:28:17,-47.0,0
2021-01-03 21:28:41,-47.0,0
2021-01-03 21:29:04,-47.0,0
2021-01-03 21:29:26,-47.0,0
2021-01-03 21:29:47,-47.0,0
2021-01-03 21:30:09,-47.0,0
2021-01-03 21:30:30,-47.0,0
2021-01-03 21:30:52,-44.0,0
2021-01-03 21:31:14,-47.0,0
2021-01-03 21:31:36,-47.0,0
2021-01-03 21:32:05,-47.0,0
2021-01-03 21:32:27,-47.0,0
2021-01-03 21:32:48,-47.0,0
2021-01-03 21:33:06,-47.0,0
2021-01-03 21:33:28,-47.0,0
2021-01-03 21:33:49,-47.0,0
2021-01-03 21:34:11,-47.0,0
2021-01-03 21:34:34,-47.0,0
2021-01-03 21:34:55,-47.0,0
2021-01-03 21:35:16,-47.0,0
2021-01-03 21:35:38,-47.0,0
2021-01-03 21:35:59,-47.0,0
2021-01-03 21:36:22,-47.0,0
2021-01-03 21:36:43,-47.0,0
2021-01-03 21:37:04,-47.0,0
2021-01-03 21:37:25,-47.0,0
2021-01-03 21:37:46,-47.0,0
2021-01-03 21:38:04,-47.0,0
2021-01-03 21:38:25,-47.0,0
2021-01-03 21:38:46,-47.0,0
2021-01-03 21:39:07,-45.0,0
2021-01-03 21:39:29,-47.0,0
2021-01-03 21:43:20,-47.0,0
2021-01-03 21:43:42,-47.0,0
2021-01-03 21:44:04,-47.0,0
2021-01-03 21:44:26,-47.0,0
2021-01-03 21:44:47,-47.0,0
2021-01-03 21:45:09,-48.0,0
2021-01-03 21:45:30,-47.0,0
2021-01-03 21:45:53,-47.0,0
2021-01-03 21:46:15,-47.0,0
2021-01-03 21:46:37,-47.0,0
2021-01-03 21:46:58,-47.0,0
2021-01-03 21:47:20,-48.0,0
2021-01-03 21:47:42,-47.0,0
2021-01-03 21:48:03,-47.0,0
2021-01-03 21:48:25,-47.0,0
2021-01-03 21:48:47,-45.0,0
2021-01-03 21:49:08,-47.0,0
2021-01-03 21:49:30,-48.0,0
2021-01-03 21:49:52,-47.0,0
2021-01-03 21:50:14,-47.0,0
2021-01-03 21:50:37,-47.0,0
2021-01-03 21:50:59,-47.0,0
2021-01-03 21:51:21,-47.0,0
2021-01-03 21:51:42,-47.0,0
2021-01-03 21:52:03,-47.0,0
2021-01-03 21:52:24,-47.0,0
2021-01-03 21:52:46,-47.0,0
2021-01-03 21:53:08,-48.0,0
2021-01-03 21:53:30,-47.0,0
2021-01-03 21:53:52,-47.0,0
2021-01-03 21:54:21,-47.0,0
2021-01-03 21:58:24,-47.0,0
2021-01-03 21:58:45,-47.0,0
2021-01-03 21:59:02,-47.0,0
2021-01-03 21:59:23,-47.0,0
2021-01-03 21:59:45,-47.0,0
2021-01-03 22:00:04,-47.0,0
2021-01-03 22:00:27,-47.0,0
2021-01-03 22:00:48,-47.0,0
2021-01-03 22:01:11,-47.0,0
2021-01-03 22:01:32,-47.0,0
2021-01-03 22:01:53,-47.0,0
2021-01-03 22:02:14,-47.0,0
2021-01-03 22:02:35,-47.0,0
2021-01-03 22:02:56,-47.0,0
2021-01-03 22:03:17,-47.0,0
2021-01-03 22:03:41,-47.0,0
2021-01-03 22:04:02,-47.0,0
2021-01-03 22:04:23,-47.0,0
2021-01-03 22:04:44,-47.0,0
2021-01-03 22:05:05,-47.0,0
2021-01-03 22:05:27,-47.0,0
2021-01-03 22:05:48,-47.0,0
2021-01-03 22:06:09,-47.0,0
2021-01-03 22:06:30,-47.0,0
2021-01-03 22:06:51,-47.0,0
2021-01-03 22:07:12,-47.0,0
2021-01-03 22:07:34,-47.0,0
2021-01-03 22:07:55,-47.0,0
2021-01-03 22:08:16,-47.0,0
2021-01-03 22:08:38,-47.0,0
2021-01-03 22:08:59,-47.0,0
2021-01-03 22:09:21,-47.0,0
2021-01-03 22:13:31,-45.0,0
2021-01-03 22:13:52,-47.0,0
2021-01-03 22:14:14,-47.0,0
2021-01-03 22:14:35,-47.0,0
2021-01-03 22:14:56,-47.0,0
2021-01-03 22:15:17,-47.0,0
2021-01-03 22:15:38,-47.0,0
2021-01-03 22:16:00,-47.0,0
2021-01-03 22:16:21,-47.0,0
2021-01-03 22:16:43,-47.0,0
2021-01-03 22:17:00,-47.0,0
2021-01-03 22:17:20,-47.0,0
2021-01-03 22:17:41,-47.0,0
2021-01-03 22:18:03,-47.0,0
2021-01-03 22:18:26,-47.0,0
2021-01-03 22:18:47,-47.0,0
2021-01-03 22:19:08,-47.0,0
2021-01-03 22:19:29,-47.0,0
2021-01-03 22:19:55,-47.0,0
2021-01-03 22:20:17,-47.0,0
2021-01-03 22:20:39,-47.0,0
2021-01-03 22:20:59,-47.0,0
2021-01-03 22:21:20,-47.0,0
2021-01-03 22:21:42,-47.0,0
2021-01-03 22:22:06,-47.0,0
2021-01-03 22:22:27,-45.0,0
2021-01-03 22:22:49,-47.0,0
2021-01-03 22:23:11,-47.0,0
2021-01-03 22:23:32,-47.0,0
2021-01-03 22:23:56,-47.0,0
2021-01-03 22:24:19,-48.0,0
2021-01-03 22:28:37,-47.0,0
2021-01-03 22:28:58,-47.0,0
2021-01-03 22:29:21,-47.0,0
2021-01-03 22:29:43,-47.0,0
2021-01-03 22:30:05,-47.0,0
2021-01-03 22:30:27,-47.0,0
2021-01-03 22:30:48,-47.0,0
2021-01-03 22:31:09,-47.0,0
2021-01-03 22:31:31,-47.0,0
2021-01-03 22:31:52,-47.0,0
2021-01-03 22:32:13,-47.0,0
2021-01-03 22:32:34,-47.0,0
2021-01-03 22:32:55,-47.0,0
2021-01-03 22:33:16,-47.0,0
2021-01-03 22:33:40,-47.0,0
2021-01-03 22:34:01,-47.0,0
2021-01-03 22:34:22,-47.0,0
2021-01-03 22:34:43,-45.0,0
2021-01-03 22:35:05,-47.0,0
2021-01-03 22:35:26,-47.0,0
2021-01-03 22:35:47,-47.0,0
2021-01-03 22:36:08,-47.0,0
2021-01-03 22:36:30,-47.0,0
2021-01-03 22:36:51,-47.0,0
2021-01-03 22:37:13,-47.0,0
2021-01-03 22:37:36,-47.0,0
2021-01-03 22:38:02,-47.0,0
2021-01-03 22:38:24,-47.0,0
2021-01-03 22:38:44,-47.0,0
2021-01-03 22:39:08,-47.0,0
2021-01-03 22:39:29,-47.0,0
2021-01-03 22:43:38,-47.0,0
2021-01-03 22:44:01,-47.0,0
2021-01-03 22:44:23,-47.0,0
2021-01-03 22:44:40,-47.0,0
2021-01-03 22:45:01,-47.0,0
2021-01-03 22:45:22,-47.0,0
2021-01-03 22:45:44,-47.0,0
2021-01-03 22:46:05,-47.0,0
2021-01-03 22:46:22,-47.0,0
2021-01-03 22:46:42,-47.0,0
2021-01-03 22:47:05,-48.0,0
2021-01-03 22:47:25,-47.0,0
2021-01-03 22:47:47,-47.0,0
2021-01-03 22:48:09,-47.0,0
2021-01-03 22:48:29,-47.0,0
2021-01-03 22:48:52,-47.0,0
2021-01-03 22:49:14,-47.0,0
2021-01-03 22:49:36,-47.0,0
